TASK,TrialIndex,Jitter,ScannerRun,BlockNr,TrialType,StimType,CurrentImage,CurrentX,CurrentY,EncodingTrialIndex,EncodingStimType,EncodingImage,EncodingXcoordinate,EncodingYcoordinate,TripletMemberA,TripletMemberB,TripletMemberC,Xcoordinate,Ycoordinate,Xcoordinate_lure1,Ycoordinate_lure1,Xcoordinate_lure2,Ycoordinate_lure2,Xcoordinate_foil,Ycoordinate_foil
REC,1,6000,2,1,OBJ,FOIL,stimuli/fractals/20c.jpg,-0.371775993327862,-0.263932674167726,0.0,FOIL,nan,0.0,0.0,,,,,,,,,,,
REC,2,2000,2,1,OBJ,LURE,stimuli/fractals/116a.jpg,0.376897355721593,0.0513077905058119,1.0,ERP,stimuli/fractals/116b.jpg,0.376897355721593,0.0513077905058119,stimuli/fractals/116b.jpg,stimuli/fractals/116c.jpg,stimuli/fractals/116a.jpg,0.376897355721593,0.0513077905058119,0.182213392677702,-0.364402059546324,0.303633666387603,-0.376549432674351,-0.213851331231992,0.344379613613032
REC,3,3000,2,1,OBJ,TARGET,stimuli/fractals/160b.jpg,-0.205913390267941,0.156377605633925,3.0,ERP,stimuli/fractals/160b.jpg,-0.205913390267941,0.156377605633925,stimuli/fractals/160b.jpg,stimuli/fractals/160a.jpg,stimuli/fractals/160c.jpg,-0.205913390267941,0.156377605633925,-0.361948417340015,-0.338630657507241,-0.128003571669689,-0.350386299979118,0.330339150084164,0.0561419981062496
REC,4,1000,2,1,OBJ,LURE,stimuli/fractals/11b.jpg,-0.380411571208918,-0.0346713547780233,12.0,ERP,stimuli/fractals/11a.jpg,-0.380411571208918,-0.0346713547780233,stimuli/fractals/11a.jpg,stimuli/fractals/11c.jpg,stimuli/fractals/11b.jpg,-0.380411571208918,-0.0346713547780233,-0.125804258327099,-0.194250552768267,-0.0612254088749184,0.0707338448656324,0.302672407064961,0.396786151427588
REC,5,5000,2,1,OBJ,FOIL,stimuli/fractals/38a.jpg,-0.256861026228969,0.244924139109343,0.0,FOIL,nan,0.0,0.0,,,,,,,,,,,
REC,6,8000,2,1,OBJ,TARGET,stimuli/fractals/117b.jpg,0.0846478024186574,0.176247697779993,2.0,OLP,stimuli/fractals/117b.jpg,0.0846478024186574,0.176247697779993,stimuli/fractals/117b.jpg,stimuli/fractals/117a.jpg,stimuli/fractals/117c.jpg,0.0846478024186574,0.176247697779993,0.278815362080955,0.0111399149554564,0.282515861559336,-0.197955910343622,-0.382647246154026,-0.161403316080168
REC,7,1000,2,1,OBJ,LURE,stimuli/fractals/60c.jpg,0.269051094819113,0.000287426531222408,4.0,OLP,stimuli/fractals/60a.jpg,0.269051094819113,0.000287426531222408,stimuli/fractals/60a.jpg,stimuli/fractals/60b.jpg,stimuli/fractals/60c.jpg,0.269051094819113,0.000287426531222408,0.307804810253768,-0.406703573446646,-0.0386388400685433,-0.0295717635171729,-0.379772737238142,-0.297857862652353
REC,8,1000,2,1,OBJ,TARGET,stimuli/fractals/85a.jpg,-0.171501696761146,-0.234477489583464,6.0,OLP,stimuli/fractals/85a.jpg,-0.171501696761146,-0.234477489583464,stimuli/fractals/85a.jpg,stimuli/fractals/85c.jpg,stimuli/fractals/85b.jpg,-0.171501696761146,-0.234477489583464,-0.38370149765821,-0.2789553365142,-0.0838737682204294,0.302835284626838,0.356007650522016,0.364581944091473
REC,9,2000,2,1,OBJ,FOIL,stimuli/fractals/50a.jpg,0.109360813519986,0.393757898361115,0.0,FOIL,nan,0.0,0.0,,,,,,,,,,,
REC,10,1000,2,1,OBJ,FOIL,stimuli/fractals/83b.jpg,0.364845242141085,0.00156390784195863,0.0,FOIL,nan,0.0,0.0,,,,,,,,,,,
REC,11,4000,2,1,OBJ,TARGET,stimuli/fractals/113c.jpg,0.0140701477216217,-0.032929964949542,14.0,ERP,stimuli/fractals/113c.jpg,0.0140701477216217,-0.032929964949542,stimuli/fractals/113c.jpg,stimuli/fractals/113b.jpg,stimuli/fractals/113a.jpg,0.0140701477216217,-0.032929964949542,0.208154306730806,0.258327804033483,-0.249565101040592,0.165151776159607,-0.386193446313574,0.40605783914732
REC,12,2000,2,1,OBJ,LURE,stimuli/fractals/53b.jpg,-0.254620949431571,-0.123749792795075,19.0,ERP,stimuli/fractals/53c.jpg,-0.254620949431571,-0.123749792795075,stimuli/fractals/53c.jpg,stimuli/fractals/53a.jpg,stimuli/fractals/53b.jpg,-0.254620949431571,-0.123749792795075,-0.257433272701841,0.259106873580127,-0.0619869085918616,0.313363706567756,0.208520667273581,-0.334508995889818
REC,13,1000,2,1,OBJ,FOIL,stimuli/fractals/31a.jpg,-0.316850799689957,-0.395129957365075,0.0,FOIL,nan,0.0,0.0,,,,,,,,,,,
REC,14,2000,2,1,OBJ,TARGET,stimuli/fractals/70c.jpg,0.00557602763597433,0.408717785705827,13.0,OLP,stimuli/fractals/70c.jpg,0.00557602763597433,0.408717785705827,stimuli/fractals/70c.jpg,stimuli/fractals/70b.jpg,stimuli/fractals/70a.jpg,0.00557602763597433,0.408717785705827,-0.215288560864308,0.0671398857376904,0.209407978320403,0.00958268889866081,0.238011434209855,-0.358024705676253
REC,15,1000,2,1,OBJ,LURE,stimuli/fractals/152a.jpg,-0.238022544470912,0.0788151826229348,15.0,OLP,stimuli/fractals/152b.jpg,-0.238022544470912,0.0788151826229348,stimuli/fractals/152b.jpg,stimuli/fractals/152c.jpg,stimuli/fractals/152a.jpg,-0.238022544470912,0.0788151826229348,-0.347788732149459,-0.339472141206795,-0.366469700323167,-0.341527108858412,0.317561497525634,0.228327620091582
REC,16,2000,2,1,OBJ,FOIL,stimuli/fractals/93c.jpg,-0.325357546440579,0.106673076565554,0.0,FOIL,nan,0.0,0.0,,,,,,,,,,,
REC,17,4000,2,1,OBJ,LURE,stimuli/fractals/157c.jpg,-0.154131325856061,0.373193208154466,22.0,ERP,stimuli/fractals/157a.jpg,-0.154131325856061,0.373193208154466,stimuli/fractals/157a.jpg,stimuli/fractals/157b.jpg,stimuli/fractals/157c.jpg,-0.154131325856061,0.373193208154466,-0.253775064979844,-0.221767352169336,-0.378127375789252,0.117323662192983,0.32145670941709,-0.14734749198419
REC,18,2000,2,1,OBJ,FOIL,stimuli/fractals/13c.jpg,-0.387682632222486,0.171829425467029,0.0,FOIL,nan,0.0,0.0,,,,,,,,,,,
REC,19,1000,2,1,OBJ,LURE,stimuli/fractals/105c.jpg,0.0249428449302705,0.277566523355662,23.0,OLP,stimuli/fractals/105b.jpg,0.0249428449302705,0.277566523355662,stimuli/fractals/105b.jpg,stimuli/fractals/105a.jpg,stimuli/fractals/105c.jpg,0.0249428449302705,0.277566523355662,0.269727177360946,-0.128315361999206,0.146856389892546,-0.144455606528334,-0.342385105891181,-0.288734044869986
REC,20,500,2,1,OBJ,FOIL,stimuli/fractals/121a.jpg,-0.379719810009584,-0.255400296992761,0.0,FOIL,nan,0.0,0.0,,,,,,,,,,,
REC,21,1000,2,1,OBJ,TARGET,stimuli/fractals/126b.jpg,-0.135421427438761,-0.310213708222329,30.0,ERP,stimuli/fractals/126b.jpg,-0.135421427438761,-0.310213708222329,stimuli/fractals/126b.jpg,stimuli/fractals/126a.jpg,stimuli/fractals/126c.jpg,-0.135421427438761,-0.310213708222329,-0.386879050930714,-0.316879948241906,-0.281556628874178,0.140692545040014,0.337051982648766,-0.370334602266573
REC,22,1000,2,1,OBJ,LURE,stimuli/fractals/10b.jpg,0.375081955315405,-0.00179501487827878,37.0,ERP,stimuli/fractals/10a.jpg,0.375081955315405,-0.00179501487827878,stimuli/fractals/10a.jpg,stimuli/fractals/10c.jpg,stimuli/fractals/10b.jpg,0.375081955315405,-0.00179501487827878,0.375329037339978,0.404272764680495,0.340557961678609,-0.414381309179054,-0.110480435953763,-0.19004247242133
REC,23,1000,2,1,OBJ,TARGET,stimuli/fractals/102c.jpg,0.364455558020479,0.344826522147575,27.0,OLP,stimuli/fractals/102c.jpg,0.364455558020479,0.344826522147575,stimuli/fractals/102c.jpg,stimuli/fractals/102b.jpg,stimuli/fractals/102a.jpg,0.364455558020479,0.344826522147575,0.360302209558426,-0.264142797428328,0.138502151337864,0.276646244541856,-0.117564593049811,0.0335822980985511
REC,24,3000,2,1,OBJ,FOIL,stimuli/fractals/167b.jpg,0.332540225479892,-0.327558829660959,0.0,FOIL,nan,0.0,0.0,,,,,,,,,,,
REC,25,3000,2,1,OBJ,FOIL,stimuli/fractals/29a.jpg,0.249452775760687,-0.394398170373737,0.0,FOIL,nan,0.0,0.0,,,,,,,,,,,
REC,26,1000,2,1,OBJ,TARGET,stimuli/fractals/101c.jpg,-0.296895070301022,-0.0700546422145631,50.0,ERP,stimuli/fractals/101c.jpg,-0.296895070301022,-0.0700546422145631,stimuli/fractals/101c.jpg,stimuli/fractals/101b.jpg,stimuli/fractals/101a.jpg,-0.296895070301022,-0.0700546422145631,-0.346486941757764,0.36170560350545,-0.0689890150345321,0.180164890664263,0.241317238224752,0.0291653672766472
REC,27,4000,2,1,OBJ,TARGET,stimuli/fractals/72c.jpg,0.346144221449675,-0.139035970493691,61.0,ERP,stimuli/fractals/72c.jpg,0.346144221449675,-0.139035970493691,stimuli/fractals/72c.jpg,stimuli/fractals/72b.jpg,stimuli/fractals/72a.jpg,0.346144221449675,-0.139035970493691,0.356774493167519,0.312522073068374,0.124021013353255,-0.0238308310278346,-0.223077654792941,0.0847680298913498
REC,28,500,2,1,OBJ,FOIL,stimuli/fractals/132c.jpg,-0.389006306476314,-0.0439383388374467,0.0,FOIL,nan,0.0,0.0,,,,,,,,,,,
REC,29,1000,2,1,OBJ,LURE,stimuli/fractals/8b.jpg,-0.269620892822263,0.00780879809087891,28.0,OLP,stimuli/fractals/8c.jpg,-0.269620892822263,0.00780879809087891,stimuli/fractals/8c.jpg,stimuli/fractals/8a.jpg,stimuli/fractals/8b.jpg,-0.269620892822263,0.00780879809087891,-0.165665124193846,-0.383083939338977,0.0244391734039014,0.0471415576646729,0.383589126209676,-0.366332080770688
REC,30,1000,2,1,OBJ,LURE,stimuli/fractals/142c.jpg,-0.2721622800759,-0.38717539419901,29.0,OLP,stimuli/fractals/142a.jpg,-0.2721622800759,-0.38717539419901,stimuli/fractals/142a.jpg,stimuli/fractals/142b.jpg,stimuli/fractals/142c.jpg,-0.2721622800759,-0.38717539419901,-0.345495278080432,0.208357977879854,0.0560738323383774,-0.28983079418811,0.249602504298769,-0.351202731261318
REC,31,1000,2,1,OBJ,LURE,stimuli/fractals/143a.jpg,-0.381695826067811,0.0390131817481633,36.0,OLP,stimuli/fractals/143c.jpg,-0.381695826067811,0.0390131817481633,stimuli/fractals/143c.jpg,stimuli/fractals/143b.jpg,stimuli/fractals/143a.jpg,-0.381695826067811,0.0390131817481633,-0.163408595993779,0.406272832313409,-0.276463084785288,-0.393910657215544,0.108958589163987,-0.368306169752207
REC,32,2000,2,1,OBJ,TARGET,stimuli/fractals/19c.jpg,-0.153053115868402,0.365834619462169,64.0,ERP,stimuli/fractals/19c.jpg,-0.153053115868402,0.365834619462169,stimuli/fractals/19c.jpg,stimuli/fractals/19a.jpg,stimuli/fractals/19b.jpg,-0.153053115868402,0.365834619462169,-0.34696457797536,-0.0237025242575502,-0.0578361569170484,-0.12665667451149,0.340162817763471,0.137653991869872
REC,33,2000,2,1,OBJ,TARGET,stimuli/fractals/144c.jpg,-0.0488520899106878,-0.41536538294148,38.0,OLP,stimuli/fractals/144c.jpg,-0.0488520899106878,-0.41536538294148,stimuli/fractals/144c.jpg,stimuli/fractals/144b.jpg,stimuli/fractals/144a.jpg,-0.0488520899106878,-0.41536538294148,-0.12868089658238,0.096143370765229,-0.304153360935561,-0.26580084960444,0.355110254468072,0.220553094442832
REC,34,1000,2,1,OBJ,TARGET,stimuli/fractals/46a.jpg,-0.245844026258031,0.0426795748265806,39.0,OLP,stimuli/fractals/46a.jpg,-0.245844026258031,0.0426795748265806,stimuli/fractals/46a.jpg,stimuli/fractals/46b.jpg,stimuli/fractals/46c.jpg,-0.245844026258031,0.0426795748265806,-0.265961905460527,-0.327397342698121,-0.311266355374494,-0.396632989885185,0.203060315096799,-0.285276486130888
REC,35,500,2,1,OBJ,FOIL,stimuli/fractals/151b.jpg,-0.372891309446923,-0.313596422888113,0.0,FOIL,nan,0.0,0.0,,,,,,,,,,,
REC,36,3000,2,1,OBJ,LURE,stimuli/fractals/148b.jpg,-0.263651090027835,0.263568052436594,72.0,ERP,stimuli/fractals/148c.jpg,-0.263651090027835,0.263568052436594,stimuli/fractals/148c.jpg,stimuli/fractals/148a.jpg,stimuli/fractals/148b.jpg,-0.263651090027835,0.263568052436594,-0.323698680107532,-0.246623949934817,0.0951763371756654,0.224456306098155,0.290943684113801,0.365313711256366
REC,37,3000,4,2,OBJ,FOIL,stimuli/fractals/5b.jpg,0.32145670941709,-0.14734749198419,0.0,FOIL,nan,0.0,0.0,,,,,,,,,,,
REC,38,2000,4,2,OBJ,TARGET,stimuli/fractals/23b.jpg,0.169924329208163,-0.299857200404219,79.0,ERP,stimuli/fractals/23b.jpg,0.169924329208163,-0.299857200404219,stimuli/fractals/23b.jpg,stimuli/fractals/23a.jpg,stimuli/fractals/23c.jpg,0.169924329208163,-0.299857200404219,0.0975145120036387,0.153319566263267,0.130814737999647,0.206269179369208,-0.352740234866857,-0.0893358686765139
REC,39,1000,4,2,OBJ,LURE,stimuli/fractals/65b.jpg,-0.331484130661503,-0.303228450598796,80.0,ERP,stimuli/fractals/65a.jpg,-0.331484130661503,-0.303228450598796,stimuli/fractals/65a.jpg,stimuli/fractals/65c.jpg,stimuli/fractals/65b.jpg,-0.331484130661503,-0.303228450598796,-0.375384255213834,0.194024011397303,-0.0878402857578409,-0.252083555803771,0.129824431427673,0.270779384754151
REC,40,2000,4,2,OBJ,TARGET,stimuli/fractals/127b.jpg,0.273881331231274,0.165865661626423,77.0,OLP,stimuli/fractals/127b.jpg,0.273881331231274,0.165865661626423,stimuli/fractals/127b.jpg,stimuli/fractals/127a.jpg,stimuli/fractals/127c.jpg,0.273881331231274,0.165865661626423,0.368535978242562,-0.255161988851821,0.0679884208493907,0.410391280356815,-0.314334716871894,-0.171071526780892
REC,41,4000,4,2,OBJ,FOIL,stimuli/fractals/22c.jpg,-0.110480435953763,-0.19004247242133,0.0,FOIL,nan,0.0,0.0,,,,,,,,,,,
REC,42,1000,4,2,OBJ,TARGET,stimuli/fractals/168a.jpg,0.101865424595665,-0.164015305725707,92.0,ERP,stimuli/fractals/168a.jpg,0.101865424595665,-0.164015305725707,stimuli/fractals/168a.jpg,stimuli/fractals/168b.jpg,stimuli/fractals/168c.jpg,0.101865424595665,-0.164015305725707,0.33097737046893,0.213048284084175,0.356831583860778,0.129097427785667,-0.318975118717994,0.411994228937617
REC,43,2000,4,2,OBJ,TARGET,stimuli/fractals/40a.jpg,-0.381508344621094,0.130067734902028,98.0,ERP,stimuli/fractals/40a.jpg,-0.381508344621094,0.130067734902028,stimuli/fractals/40a.jpg,stimuli/fractals/40b.jpg,stimuli/fractals/40c.jpg,-0.381508344621094,0.130067734902028,-0.389665668693234,-0.415758479189225,-0.149813808479697,-0.255886257930816,0.0578649485889042,-0.167506157938058
REC,44,1000,4,2,OBJ,LURE,stimuli/fractals/12a.jpg,-0.325352507578729,-0.0395367250517466,78.0,OLP,stimuli/fractals/12b.jpg,-0.325352507578729,-0.0395367250517466,stimuli/fractals/12b.jpg,stimuli/fractals/12c.jpg,stimuli/fractals/12a.jpg,-0.325352507578729,-0.0395367250517466,-0.0848359145248679,-0.111145194677088,-0.0757465473159561,0.0391521391769338,0.309228419503931,0.340980762111344
REC,45,500,4,2,OBJ,LURE,stimuli/fractals/156c.jpg,-0.367817607688122,0.161542446921254,81.0,OLP,stimuli/fractals/156a.jpg,-0.367817607688122,0.161542446921254,stimuli/fractals/156a.jpg,stimuli/fractals/156b.jpg,stimuli/fractals/156c.jpg,-0.367817607688122,0.161542446921254,-0.303851976142612,-0.415372763724892,-0.082955723283404,0.134101842049899,0.227194539360654,0.218937724499254
REC,46,6000,4,2,OBJ,FOIL,stimuli/fractals/92a.jpg,-0.379719810009584,-0.255400296992761,0.0,FOIL,nan,0.0,0.0,,,,,,,,,,,
REC,47,2000,4,2,OBJ,LURE,stimuli/fractals/4a.jpg,-0.0590803217934772,0.198932296463151,105.0,ERP,stimuli/fractals/4b.jpg,-0.0590803217934772,0.198932296463151,stimuli/fractals/4b.jpg,stimuli/fractals/4c.jpg,stimuli/fractals/4a.jpg,-0.0590803217934772,0.198932296463151,-0.218697986090448,-0.368030079931135,0.0528699917222707,-0.265139628750961,0.29770784715545,-0.387301513768485
REC,48,3000,4,2,OBJ,TARGET,stimuli/fractals/103c.jpg,0.286744142036231,-0.0880450316805843,107.0,ERP,stimuli/fractals/103c.jpg,0.286744142036231,-0.0880450316805843,stimuli/fractals/103c.jpg,stimuli/fractals/103a.jpg,stimuli/fractals/103b.jpg,0.286744142036231,-0.0880450316805843,0.330482741917614,0.340851044527865,-0.057349919067839,-0.0128189226211625,-0.240292993457272,0.136621001894395
REC,49,500,4,2,OBJ,FOIL,stimuli/fractals/154c.jpg,-0.382120746349756,0.133190701116877,0.0,FOIL,nan,0.0,0.0,,,,,,,,,,,
REC,50,4000,4,2,OBJ,FOIL,stimuli/fractals/110a.jpg,0.238011434209855,-0.358024705676253,0.0,FOIL,nan,0.0,0.0,,,,,,,,,,,
REC,51,1000,4,2,OBJ,FOIL,stimuli/fractals/21a.jpg,0.355110254468072,0.220553094442832,0.0,FOIL,nan,0.0,0.0,,,,,,,,,,,
REC,52,2000,4,2,OBJ,TARGET,stimuli/fractals/14b.jpg,-0.241468609110453,0.132356774270855,88.0,OLP,stimuli/fractals/14b.jpg,-0.241468609110453,0.132356774270855,stimuli/fractals/14b.jpg,stimuli/fractals/14c.jpg,stimuli/fractals/14a.jpg,-0.241468609110453,0.132356774270855,-0.300479679194504,-0.223072213694773,-0.336254509613794,-0.302094075620149,0.303014250923967,-0.303548954237269
REC,53,1000,4,2,OBJ,LURE,stimuli/fractals/27a.jpg,-0.102521489579154,0.161945508863461,117.0,ERP,stimuli/fractals/27c.jpg,-0.102521489579154,0.161945508863461,stimuli/fractals/27c.jpg,stimuli/fractals/27b.jpg,stimuli/fractals/27a.jpg,-0.102521489579154,0.161945508863461,-0.354434847473417,0.359961730363472,0.00627417093020816,-0.367056365939855,0.325846603778229,-0.345217736775988
REC,54,1000,4,2,OBJ,FOIL,stimuli/fractals/32b.jpg,0.258540898653681,-0.0278879444242566,0.0,FOIL,nan,0.0,0.0,,,,,,,,,,,
REC,55,3000,4,2,OBJ,LURE,stimuli/fractals/120c.jpg,0.229951637954053,0.0251547717489322,90.0,OLP,stimuli/fractals/120a.jpg,0.229951637954053,0.0251547717489322,stimuli/fractals/120a.jpg,stimuli/fractals/120b.jpg,stimuli/fractals/120c.jpg,0.229951637954053,0.0251547717489322,0.369407584864116,-0.263751183438265,-0.0735890651167691,-0.168703385173224,-0.29261751094563,0.259100745960026
REC,56,5000,4,2,OBJ,FOIL,stimuli/fractals/66b.jpg,0.337051982648766,-0.370334602266573,0.0,FOIL,nan,0.0,0.0,,,,,,,,,,,
REC,57,1000,4,2,OBJ,LURE,stimuli/fractals/159c.jpg,-0.358978801595468,0.179259988745501,91.0,OLP,stimuli/fractals/159a.jpg,-0.358978801595468,0.179259988745501,stimuli/fractals/159a.jpg,stimuli/fractals/159b.jpg,stimuli/fractals/159c.jpg,-0.358978801595468,0.179259988745501,-0.375241500347858,-0.39256348138166,-0.17017997866516,-0.298981921347071,0.364845242141085,0.00156390784195863
REC,58,1000,4,2,OBJ,FOIL,stimuli/fractals/26b.jpg,0.337051982648766,-0.370334602266573,0.0,FOIL,nan,0.0,0.0,,,,,,,,,,,
REC,59,1000,4,2,OBJ,TARGET,stimuli/fractals/67a.jpg,0.0284489770213722,0.0333341304144636,99.0,OLP,stimuli/fractals/67a.jpg,0.0284489770213722,0.0333341304144636,stimuli/fractals/67a.jpg,stimuli/fractals/67b.jpg,stimuli/fractals/67c.jpg,0.0284489770213722,0.0333341304144636,0.297626861388298,0.143980710815768,-0.173626502121157,0.278193329700475,-0.386696899081449,-0.371299137330453
REC,60,1000,4,2,OBJ,LURE,stimuli/fractals/59a.jpg,0.0816736718383742,-0.358439728641349,102.0,OLP,stimuli/fractals/59c.jpg,0.0816736718383742,-0.358439728641349,stimuli/fractals/59c.jpg,stimuli/fractals/59b.jpg,stimuli/fractals/59a.jpg,0.0816736718383742,-0.358439728641349,0.220073414403203,0.168737215848622,0.104797278628773,0.104473881157798,-0.256861026228969,0.244924139109343
REC,61,1000,4,2,OBJ,TARGET,stimuli/fractals/169b.jpg,-0.126176886746885,0.146327587634107,123.0,ERP,stimuli/fractals/169b.jpg,-0.126176886746885,0.146327587634107,stimuli/fractals/169b.jpg,stimuli/fractals/169c.jpg,stimuli/fractals/169a.jpg,-0.126176886746885,0.146327587634107,-0.35404951348643,-0.324618751902253,-0.371350454829287,0.361853356596739,0.301797501452088,-0.39938107772306
REC,62,4000,4,2,OBJ,TARGET,stimuli/fractals/37c.jpg,0.0285598311845099,0.231643193697396,103.0,OLP,stimuli/fractals/37c.jpg,0.0285598311845099,0.231643193697396,stimuli/fractals/37c.jpg,stimuli/fractals/37b.jpg,stimuli/fractals/37a.jpg,0.0285598311845099,0.231643193697396,0.264273336843113,0.297977727423112,-0.0713855294974497,-0.390727554346499,-0.318601410723679,-0.369717368840223
REC,63,1000,4,2,OBJ,TARGET,stimuli/fractals/39c.jpg,0.0400367662597542,0.40451821050214,128.0,ERP,stimuli/fractals/39c.jpg,0.0400367662597542,0.40451821050214,stimuli/fractals/39c.jpg,stimuli/fractals/39b.jpg,stimuli/fractals/39a.jpg,0.0400367662597542,0.40451821050214,0.264861107056703,0.0838778748784019,0.16530458632621,-0.11179650101606,-0.244036667021697,-0.291273935017788
REC,64,8000,4,2,OBJ,TARGET,stimuli/fractals/49c.jpg,0.0828098542273761,0.077134797099127,106.0,OLP,stimuli/fractals/49c.jpg,0.0828098542273761,0.077134797099127,stimuli/fractals/49c.jpg,stimuli/fractals/49a.jpg,stimuli/fractals/49b.jpg,0.0828098542273761,0.077134797099127,0.148886765026426,-0.284352399445489,0.369855542017295,0.0937764524241605,-0.385945034630815,-0.305584992223669
REC,65,2000,4,2,OBJ,LURE,stimuli/fractals/77c.jpg,-0.133520880177419,-0.118640966630972,108.0,OLP,stimuli/fractals/77a.jpg,-0.133520880177419,-0.118640966630972,stimuli/fractals/77a.jpg,stimuli/fractals/77b.jpg,stimuli/fractals/77c.jpg,-0.133520880177419,-0.118640966630972,-0.289097513057508,0.238590156660948,-0.365564959543015,-0.138133206270189,0.317796351348182,0.148977352551008
REC,66,2000,4,2,OBJ,FOIL,stimuli/fractals/36b.jpg,0.378131469087358,-0.302524626490787,0.0,FOIL,nan,0.0,0.0,,,,,,,,,,,
REC,67,1000,4,2,OBJ,LURE,stimuli/fractals/124a.jpg,0.289747709321708,0.100503939636149,129.0,ERP,stimuli/fractals/124c.jpg,0.289747709321708,0.100503939636149,stimuli/fractals/124c.jpg,stimuli/fractals/124b.jpg,stimuli/fractals/124a.jpg,0.289747709321708,0.100503939636149,0.148623058135784,-0.256839523319471,0.0357608566306163,-0.276656155269967,-0.19443650273571,0.311995730762933
REC,68,2000,4,2,OBJ,FOIL,stimuli/fractals/96b.jpg,0.332540225479892,-0.327558829660959,0.0,FOIL,nan,0.0,0.0,,,,,,,,,,,
REC,69,500,4,2,OBJ,TARGET,stimuli/fractals/158b.jpg,0.030854897978605,-0.0898572332381314,114.0,OLP,stimuli/fractals/158b.jpg,0.030854897978605,-0.0898572332381314,stimuli/fractals/158b.jpg,stimuli/fractals/158c.jpg,stimuli/fractals/158a.jpg,0.030854897978605,-0.0898572332381314,0.241126845944056,0.131463807539371,0.353611823516222,0.129879363989893,-0.3663110157061,0.369898103420555
REC,70,1000,4,2,OBJ,LURE,stimuli/fractals/104c.jpg,-0.331957843102858,0.397577884236199,138.0,ERP,stimuli/fractals/104b.jpg,-0.331957843102858,0.397577884236199,stimuli/fractals/104b.jpg,stimuli/fractals/104a.jpg,stimuli/fractals/104c.jpg,-0.331957843102858,0.397577884236199,-0.300768806878609,-0.0638867020838267,-0.296752050118636,-0.0568528783557161,0.328274999743388,0.263468263011311
REC,71,3000,4,2,OBJ,FOIL,stimuli/fractals/133a.jpg,-0.213851331231992,0.344379613613032,0.0,FOIL,nan,0.0,0.0,,,,,,,,,,,
REC,72,1000,4,2,OBJ,LURE,stimuli/fractals/81a.jpg,-0.0434885583738372,-0.127343599685674,140.0,ERP,stimuli/fractals/81b.jpg,-0.0434885583738372,-0.127343599685674,stimuli/fractals/81b.jpg,stimuli/fractals/81c.jpg,stimuli/fractals/81a.jpg,-0.0434885583738372,-0.127343599685674,0.0990321127241035,-0.414656324174232,-0.255319907484808,-0.138079994488962,0.371029641264247,0.322025656817655
REC,73,1000,6,3,LOC,FOIL,stimuli/fractals/48b.jpg,0.0251980965320303,0.371076550336115,153.0,LLP,stimuli/fractals/48b.jpg,-0.371131761231087,-0.210997189425917,stimuli/fractals/48b.jpg,stimuli/fractals/48c.jpg,stimuli/fractals/48a.jpg,-0.371131761231087,-0.210997189425917,-0.164078055372599,-0.404821758172693,-0.156175937570576,-0.415574120629593,0.0251980965320303,0.371076550336115
REC,74,500,6,3,LOC,TARGET,stimuli/fractals/94a.jpg,0.178816760933561,-0.113965835627283,154.0,ERP,stimuli/fractals/94a.jpg,0.178816760933561,-0.113965835627283,stimuli/fractals/94a.jpg,stimuli/fractals/94c.jpg,stimuli/fractals/94b.jpg,0.178816760933561,-0.113965835627283,-0.0237326625729139,-0.413070510568605,0.0547688396136814,0.363877032311566,-0.243429230658381,0.332523331048189
REC,75,1000,6,3,LOC,FOIL,stimuli/fractals/119a.jpg,0.268690106382157,0.372535131691407,157.0,ERP,stimuli/fractals/119a.jpg,-0.336779950625823,-0.283807093067177,stimuli/fractals/119a.jpg,stimuli/fractals/119c.jpg,stimuli/fractals/119b.jpg,-0.336779950625823,-0.283807093067177,-0.347526859697148,0.182097114655049,-0.186591960486615,0.0250965661048569,0.268690106382157,0.372535131691407
REC,76,1000,6,3,LOC,LURE,stimuli/fractals/3a.jpg,-0.0171411806017458,0.287731825065269,155.0,LLP,stimuli/fractals/3a.jpg,0.0710643378023241,-0.308499618701393,stimuli/fractals/3a.jpg,stimuli/fractals/3c.jpg,stimuli/fractals/3b.jpg,0.0710643378023241,-0.308499618701393,0.3441435269374,-0.105781294544846,-0.0171411806017458,0.287731825065269,-0.273819267080282,0.277883367674842
REC,77,2000,6,3,LOC,TARGET,stimuli/fractals/163c.jpg,-0.136824523711616,0.010710908271162,158.0,LLP,stimuli/fractals/163c.jpg,-0.136824523711616,0.010710908271162,stimuli/fractals/163c.jpg,stimuli/fractals/163b.jpg,stimuli/fractals/163a.jpg,-0.136824523711616,0.010710908271162,-0.327301215188173,0.360133174472974,-0.385777738761012,0.268460774276259,0.354964361468714,0.278377967530394
REC,78,2000,6,3,LOC,LURE,stimuli/fractals/136b.jpg,0.186209228095651,0.140020050571561,159.0,ERP,stimuli/fractals/136b.jpg,0.246128982506995,-0.322348565408034,stimuli/fractals/136b.jpg,stimuli/fractals/136c.jpg,stimuli/fractals/136a.jpg,0.246128982506995,-0.322348565408034,0.0743483908996435,0.000477853945810651,0.186209228095651,0.140020050571561,-0.360976679383131,0.327854314704591
REC,79,3000,6,3,LOC,LURE,stimuli/fractals/97a.jpg,-0.347528437835986,0.143967215978506,172.0,ERP,stimuli/fractals/97a.jpg,-0.0109406295408424,0.0730279829194784,stimuli/fractals/97a.jpg,stimuli/fractals/97b.jpg,stimuli/fractals/97c.jpg,-0.0109406295408424,0.0730279829194784,-0.165403317129256,-0.374417111165327,-0.347528437835986,0.143967215978506,0.379191524529177,-0.416349632445104
REC,80,2000,6,3,LOC,FOIL,stimuli/fractals/115c.jpg,-0.223040658723069,0.377741823082073,173.0,ERP,stimuli/fractals/115c.jpg,0.12308869435185,-0.215595581474366,stimuli/fractals/115c.jpg,stimuli/fractals/115b.jpg,stimuli/fractals/115a.jpg,0.12308869435185,-0.215595581474366,0.289118901394614,0.0925068169979205,0.242913852187123,0.130943064901947,-0.223040658723069,0.377741823082073
REC,81,1000,6,3,LOC,TARGET,stimuli/fractals/17b.jpg,0.29521241718947,-0.170680362140678,165.0,LLP,stimuli/fractals/17b.jpg,0.29521241718947,-0.170680362140678,stimuli/fractals/17b.jpg,stimuli/fractals/17a.jpg,stimuli/fractals/17c.jpg,0.29521241718947,-0.170680362140678,0.281539829639985,0.416190074156753,0.0248995604480424,-0.036290783829092,-0.190360247852809,0.339566332710395
REC,82,5000,6,3,LOC,FOIL,stimuli/fractals/99a.jpg,0.332540225479892,-0.327558829660959,166.0,LLP,stimuli/fractals/99a.jpg,-0.106332097702911,0.33686785845006,stimuli/fractals/99a.jpg,stimuli/fractals/99c.jpg,stimuli/fractals/99b.jpg,-0.106332097702911,0.33686785845006,-0.227949464188316,-0.00957788057589397,-0.367591490070507,-0.0510765870910175,0.332540225479892,-0.327558829660959
REC,83,2000,6,3,LOC,LURE,stimuli/fractals/18a.jpg,0.0961952002377362,-0.109385633461641,170.0,LLP,stimuli/fractals/18a.jpg,0.13217656014057,0.288620368322369,stimuli/fractals/18a.jpg,stimuli/fractals/18c.jpg,stimuli/fractals/18b.jpg,0.13217656014057,0.288620368322369,0.323836829911546,-0.167868219579894,0.0961952002377362,-0.109385633461641,-0.26020897463574,-0.378240430653786
REC,84,8000,6,3,LOC,TARGET,stimuli/fractals/90b.jpg,-0.332634232528142,-0.0221851190886476,175.0,ERP,stimuli/fractals/90b.jpg,-0.332634232528142,-0.0221851190886476,stimuli/fractals/90b.jpg,stimuli/fractals/90c.jpg,stimuli/fractals/90a.jpg,-0.332634232528142,-0.0221851190886476,-0.233497388982301,0.411137486427265,-0.0188820439125071,-0.0298168808974745,0.216676621378249,0.0502872272141609
REC,85,1000,6,3,LOC,TARGET,stimuli/fractals/6c.jpg,0.3377238788743,-0.252432095574766,171.0,LLP,stimuli/fractals/6c.jpg,0.3377238788743,-0.252432095574766,stimuli/fractals/6c.jpg,stimuli/fractals/6b.jpg,stimuli/fractals/6a.jpg,0.3377238788743,-0.252432095574766,0.295649124632158,0.211365314590799,0.000796434632924026,-0.0791965040660962,-0.355059807070874,-0.0243918529938073
REC,86,2000,6,3,LOC,TARGET,stimuli/fractals/149b.jpg,0.0636124652995519,0.0889005073072203,179.0,ERP,stimuli/fractals/149b.jpg,0.0636124652995519,0.0889005073072203,stimuli/fractals/149b.jpg,stimuli/fractals/149c.jpg,stimuli/fractals/149a.jpg,0.0636124652995519,0.0889005073072203,0.315809514203307,0.0263094395348026,0.272720826004476,0.375813625775449,-0.371775993327862,-0.263932674167726
REC,87,2000,6,3,LOC,TARGET,stimuli/fractals/135b.jpg,-0.302686660063366,-0.140180852672993,178.0,LLP,stimuli/fractals/135b.jpg,-0.302686660063366,-0.140180852672993,stimuli/fractals/135b.jpg,stimuli/fractals/135a.jpg,stimuli/fractals/135c.jpg,-0.302686660063366,-0.140180852672993,-0.259056389291417,0.233204798351362,-0.260464774558469,0.226437009402654,0.369787050219361,0.39333018780819
REC,88,1000,6,3,LOC,TARGET,stimuli/fractals/24c.jpg,0.280600514388728,-0.179360171146656,184.0,LLP,stimuli/fractals/24c.jpg,0.280600514388728,-0.179360171146656,stimuli/fractals/24c.jpg,stimuli/fractals/24a.jpg,stimuli/fractals/24b.jpg,0.280600514388728,-0.179360171146656,0.178639066258913,0.181653749688824,0.0398968829654005,-0.224965583217821,-0.325357546440579,0.106673076565554
REC,89,6000,6,3,LOC,LURE,stimuli/fractals/43b.jpg,-0.179443146721657,-0.0209442181607727,187.0,LLP,stimuli/fractals/43b.jpg,-0.153874495087814,0.374012828671829,stimuli/fractals/43b.jpg,stimuli/fractals/43a.jpg,stimuli/fractals/43c.jpg,-0.153874495087814,0.374012828671829,-0.240191985111628,-0.179315946022599,-0.179443146721657,-0.0209442181607727,0.258540898653681,-0.0278879444242566
REC,90,1000,6,3,LOC,LURE,stimuli/fractals/145a.jpg,0.120818593952096,0.152124361317561,188.0,LLP,stimuli/fractals/145a.jpg,0.321691803118068,0.271211720140694,stimuli/fractals/145a.jpg,stimuli/fractals/145c.jpg,stimuli/fractals/145b.jpg,0.321691803118068,0.271211720140694,0.352613998504012,-0.229081407084546,0.120818593952096,0.152124361317561,-0.389006306476314,-0.0439383388374467
REC,91,2000,6,3,LOC,FOIL,stimuli/fractals/87b.jpg,0.315109047893943,0.136803727326466,192.0,LLP,stimuli/fractals/87b.jpg,-0.159864938396361,-0.223691291980057,stimuli/fractals/87b.jpg,stimuli/fractals/87c.jpg,stimuli/fractals/87a.jpg,-0.159864938396361,-0.223691291980057,-0.24988380315151,0.36453861694752,-0.363075678926835,-0.136180946418755,0.315109047893943,0.136803727326466
REC,92,1000,6,3,LOC,TARGET,stimuli/fractals/16a.jpg,-0.185537147865104,0.179421633785601,193.0,LLP,stimuli/fractals/16a.jpg,-0.185537147865104,0.179421633785601,stimuli/fractals/16a.jpg,stimuli/fractals/16b.jpg,stimuli/fractals/16c.jpg,-0.185537147865104,0.179421633785601,-0.30173577664574,-0.29332325516836,0.0340384958547838,0.307714011644191,0.286991855628381,0.195389392795967
REC,93,3000,6,3,LOC,LURE,stimuli/fractals/1b.jpg,0.297793568005611,0.24117090531605,183.0,ERP,stimuli/fractals/1b.jpg,-0.0567737767216265,0.182336685534205,stimuli/fractals/1b.jpg,stimuli/fractals/1a.jpg,stimuli/fractals/1c.jpg,-0.0567737767216265,0.182336685534205,-0.306093641317609,-0.0468503208621035,0.297793568005611,0.24117090531605,0.356886000761425,-0.394032350651055
REC,94,1000,6,3,LOC,FOIL,stimuli/fractals/75b.jpg,0.302092561628599,0.170251390249862,195.0,LLP,stimuli/fractals/75b.jpg,-0.279080214697727,-0.147439580100528,stimuli/fractals/75b.jpg,stimuli/fractals/75c.jpg,stimuli/fractals/75a.jpg,-0.279080214697727,-0.147439580100528,-0.244570445848731,0.323472423483737,-0.00708013865556853,-0.132565729214047,0.302092561628599,0.170251390249862
REC,95,1000,6,3,LOC,FOIL,stimuli/fractals/128a.jpg,-0.122318618987268,0.342029921427834,199.0,LLP,stimuli/fractals/128a.jpg,0.217340804285966,-0.350332521118051,stimuli/fractals/128a.jpg,stimuli/fractals/128b.jpg,stimuli/fractals/128c.jpg,0.217340804285966,-0.350332521118051,0.357983176249107,0.189320191435275,-0.0100598610487589,-0.167697060898116,-0.122318618987268,0.342029921427834
REC,96,1000,6,3,LOC,LURE,stimuli/fractals/54c.jpg,0.344179479336684,-0.161505203908343,201.0,LLP,stimuli/fractals/54c.jpg,0.249737147707987,0.178092225877321,stimuli/fractals/54c.jpg,stimuli/fractals/54b.jpg,stimuli/fractals/54a.jpg,0.249737147707987,0.178092225877321,0.378206970970126,-0.237052179651953,0.344179479336684,-0.161505203908343,-0.273924727060801,0.408479385876359
REC,97,1000,6,3,LOC,FOIL,stimuli/fractals/56c.jpg,-0.322675753374071,-0.324431371245251,197.0,ERP,stimuli/fractals/56c.jpg,0.307461950077642,0.35781627574007,stimuli/fractals/56c.jpg,stimuli/fractals/56b.jpg,stimuli/fractals/56a.jpg,0.307461950077642,0.35781627574007,0.207154554657403,-0.107574014000926,0.16823935476363,0.0295332549638078,-0.322675753374071,-0.324431371245251
REC,98,1000,6,3,LOC,LURE,stimuli/fractals/95a.jpg,-0.146613717273276,-0.355194849410097,202.0,LLP,stimuli/fractals/95a.jpg,0.0180437471584977,0.0175945067376147,stimuli/fractals/95a.jpg,stimuli/fractals/95c.jpg,stimuli/fractals/95b.jpg,0.0180437471584977,0.0175945067376147,0.221850850810175,-0.375174320860499,-0.146613717273276,-0.355194849410097,-0.388904533809882,-0.396151112276244
REC,99,500,6,3,LOC,FOIL,stimuli/fractals/98c.jpg,-0.368410402435843,-0.147116774655966,208.0,LLP,stimuli/fractals/98c.jpg,0.197047601823506,-0.0427605308891693,stimuli/fractals/98c.jpg,stimuli/fractals/98b.jpg,stimuli/fractals/98a.jpg,0.197047601823506,-0.0427605308891693,0.172939900848204,0.398929452562648,-0.121173164043306,0.207554678186373,-0.368410402435843,-0.147116774655966
REC,100,1000,6,3,LOC,TARGET,stimuli/fractals/47a.jpg,-0.153556460488413,0.220882519280926,209.0,LLP,stimuli/fractals/47a.jpg,-0.153556460488413,0.220882519280926,stimuli/fractals/47a.jpg,stimuli/fractals/47c.jpg,stimuli/fractals/47b.jpg,-0.153556460488413,0.220882519280926,-0.172980187030009,-0.214204018402413,-0.116705092113125,-0.412359142157666,0.363235244401879,0.287015041586224
REC,101,4000,6,3,LOC,LURE,stimuli/fractals/78a.jpg,-0.040637337132676,0.375829486962123,210.0,LLP,stimuli/fractals/78a.jpg,-0.15860056416538,-0.165075224288153,stimuli/fractals/78a.jpg,stimuli/fractals/78c.jpg,stimuli/fractals/78b.jpg,-0.15860056416538,-0.165075224288153,-0.374339072827201,0.276687877765705,-0.040637337132676,0.375829486962123,0.341432243824511,0.395636929494851
REC,102,3000,6,3,LOC,TARGET,stimuli/fractals/15a.jpg,0.0570429160993979,0.349068698057374,200.0,ERP,stimuli/fractals/15a.jpg,0.0570429160993979,0.349068698057374,stimuli/fractals/15a.jpg,stimuli/fractals/15b.jpg,stimuli/fractals/15c.jpg,0.0570429160993979,0.349068698057374,0.309216952359272,0.293648395288366,-0.116186928848095,-0.0975852643284703,-0.331570146894393,-0.321925097999346
REC,103,1000,6,3,LOC,LURE,stimuli/fractals/123b.jpg,-0.216722323060261,-0.326443851809014,221.0,ERP,stimuli/fractals/123b.jpg,-0.173158379552817,0.142909672579637,stimuli/fractals/123b.jpg,stimuli/fractals/123c.jpg,stimuli/fractals/123a.jpg,-0.173158379552817,0.142909672579637,-0.267211738143247,-0.250328755504001,-0.216722323060261,-0.326443851809014,0.34992689250322,-0.363006664511971
REC,104,3000,6,3,LOC,LURE,stimuli/fractals/140a.jpg,0.0661592727061424,0.146527221922811,212.0,LLP,stimuli/fractals/140a.jpg,-0.216456812797915,0.178754453073886,stimuli/fractals/140a.jpg,stimuli/fractals/140c.jpg,stimuli/fractals/140b.jpg,-0.216456812797915,0.178754453073886,-0.0537298437627969,-0.374365673760948,0.0661592727061424,0.146527221922811,0.293384953224124,0.32323307066491
REC,105,4000,6,3,LOC,TARGET,stimuli/fractals/114a.jpg,0.267079813784205,0.254936453364674,215.0,LLP,stimuli/fractals/114a.jpg,0.267079813784205,0.254936453364674,stimuli/fractals/114a.jpg,stimuli/fractals/114b.jpg,stimuli/fractals/114c.jpg,0.267079813784205,0.254936453364674,0.292412469989753,-0.375262903188266,0.265136197599458,-0.247845726155815,-0.165693818727808,-0.12208658348358
REC,106,500,6,3,LOC,FOIL,stimuli/fractals/79c.jpg,0.349243847111653,0.409347872314519,216.0,LLP,stimuli/fractals/79c.jpg,-0.115139748683196,-0.137121558027086,stimuli/fractals/79c.jpg,stimuli/fractals/79b.jpg,stimuli/fractals/79a.jpg,-0.115139748683196,-0.137121558027086,-0.336322396165984,0.183289433093308,0.172150357977955,-0.309294028093216,0.349243847111653,0.409347872314519
REC,107,2000,6,3,LOC,FOIL,stimuli/fractals/57a.jpg,-0.371177648274368,0.394463672675348,223.0,LLP,stimuli/fractals/57a.jpg,0.0180459439234825,-0.251039252286856,stimuli/fractals/57a.jpg,stimuli/fractals/57b.jpg,stimuli/fractals/57c.jpg,0.0180459439234825,-0.251039252286856,0.297968336813929,-0.0170560466329648,0.00696304614697691,0.208842163559094,-0.371177648274368,0.394463672675348
REC,108,4000,6,3,LOC,FOIL,stimuli/fractals/84a.jpg,-0.357311856635388,-0.378380335385306,225.0,ERP,stimuli/fractals/84a.jpg,0.0616393430364559,0.233045906080319,stimuli/fractals/84a.jpg,stimuli/fractals/84c.jpg,stimuli/fractals/84b.jpg,0.0616393430364559,0.233045906080319,0.244733805305031,-0.0941144464733142,-0.152321603827883,-0.253497711222142,-0.357311856635388,-0.378380335385306
REC,109,1000,8,4,LOC,LURE,stimuli/fractals/130b.jpg,0.103312057641558,-0.0918751073463461,231.0,LLP,stimuli/fractals/130b.jpg,0.166944101856168,0.336673275398694,stimuli/fractals/130b.jpg,stimuli/fractals/130a.jpg,stimuli/fractals/130c.jpg,0.166944101856168,0.336673275398694,0.363496902246945,-0.0203022524116643,0.103312057641558,-0.0918751073463461,-0.148454264658824,-0.361936048286925
REC,110,4000,8,4,LOC,LURE,stimuli/fractals/68a.jpg,0.17481612414926,0.1602491113648,233.0,LLP,stimuli/fractals/68a.jpg,0.375480467245231,0.386125658289454,stimuli/fractals/68a.jpg,stimuli/fractals/68c.jpg,stimuli/fractals/68b.jpg,0.375480467245231,0.386125658289454,0.14743166843243,0.0404233336905789,0.17481612414926,0.1602491113648,-0.271263516563273,-0.376175557719996
REC,111,2000,8,4,LOC,FOIL,stimuli/fractals/61c.jpg,-0.217743929338693,0.333244604222922,229.0,ERP,stimuli/fractals/61c.jpg,0.295493686513481,-0.158793953252028,stimuli/fractals/61c.jpg,stimuli/fractals/61a.jpg,stimuli/fractals/61b.jpg,0.295493686513481,-0.158793953252028,0.271018829238651,0.209853105710989,0.031538013819839,-0.183518255868653,-0.217743929338693,0.333244604222922
REC,112,5000,8,4,LOC,FOIL,stimuli/fractals/73b.jpg,0.364996181967402,0.144470034639691,230.0,ERP,stimuli/fractals/73b.jpg,-0.118647102592043,0.118833246895237,stimuli/fractals/73b.jpg,stimuli/fractals/73c.jpg,stimuli/fractals/73a.jpg,-0.118647102592043,0.118833246895237,-0.3152034227978,-0.18958579652272,0.054709474495409,-0.292830504733147,0.364996181967402,0.144470034639691
REC,113,3000,8,4,LOC,LURE,stimuli/fractals/2c.jpg,-0.105370125332522,0.124563551729809,241.0,LLP,stimuli/fractals/2c.jpg,0.238550053793478,0.214120310326631,stimuli/fractals/2c.jpg,stimuli/fractals/2b.jpg,stimuli/fractals/2a.jpg,0.238550053793478,0.214120310326631,0.316066521479566,-0.13746983777905,-0.105370125332522,0.124563551729809,-0.336097237890816,0.0761096119640229
REC,114,3000,8,4,LOC,TARGET,stimuli/fractals/76c.jpg,0.158326392701213,0.164955461910283,244.0,LLP,stimuli/fractals/76c.jpg,0.158326392701213,0.164955461910283,stimuli/fractals/76c.jpg,stimuli/fractals/76b.jpg,stimuli/fractals/76a.jpg,0.158326392701213,0.164955461910283,0.0960278763463763,-0.207599262073748,0.242963572362724,-0.185682110345224,-0.379719810009584,-0.255400296992761
REC,115,2000,8,4,LOC,FOIL,stimuli/fractals/166b.jpg,-0.245123174164009,-0.0689254778676243,246.0,LLP,stimuli/fractals/166b.jpg,0.359275360378949,-0.0939032885022993,stimuli/fractals/166b.jpg,stimuli/fractals/166c.jpg,stimuli/fractals/166a.jpg,0.359275360378949,-0.0939032885022993,0.300649347217777,0.35916660194715,0.156133267939628,0.375852824413365,-0.245123174164009,-0.0689254778676243
REC,116,2000,8,4,LOC,FOIL,stimuli/fractals/146c.jpg,-0.356892726709114,-0.0469375950994977,254.0,LLP,stimuli/fractals/146c.jpg,0.37091650472901,0.279358675127938,stimuli/fractals/146c.jpg,stimuli/fractals/146a.jpg,stimuli/fractals/146b.jpg,0.37091650472901,0.279358675127938,0.372628368944245,-0.280636950633742,0.0763939393934227,-0.016771807289043,-0.356892726709114,-0.0469375950994977
REC,117,1000,8,4,LOC,TARGET,stimuli/fractals/69b.jpg,0.114616327303681,0.320631784153964,232.0,ERP,stimuli/fractals/69b.jpg,0.114616327303681,0.320631784153964,stimuli/fractals/69b.jpg,stimuli/fractals/69c.jpg,stimuli/fractals/69a.jpg,0.114616327303681,0.320631784153964,0.364278222598236,0.0392770441941896,-0.182387420320731,0.131277641294013,-0.259800509098702,-0.349546783257191
REC,118,2000,8,4,LOC,LURE,stimuli/fractals/58b.jpg,0.115237308686462,-0.0240044256143631,239.0,ERP,stimuli/fractals/58b.jpg,0.355182916401882,-0.369702533031439,stimuli/fractals/58b.jpg,stimuli/fractals/58a.jpg,stimuli/fractals/58c.jpg,0.355182916401882,-0.369702533031439,0.332748406799991,0.075657408406047,0.115237308686462,-0.0240044256143631,-0.151897235425935,0.28340084204582
REC,119,1000,8,4,LOC,FOIL,stimuli/fractals/137a.jpg,-0.293649704032047,-0.308264845013343,255.0,LLP,stimuli/fractals/137a.jpg,0.260358828981635,-0.136941308192681,stimuli/fractals/137a.jpg,stimuli/fractals/137b.jpg,stimuli/fractals/137c.jpg,0.260358828981635,-0.136941308192681,0.175732656652274,0.226173547145143,0.00970884615249273,-0.340983359819857,-0.293649704032047,-0.308264845013343
REC,120,2000,8,4,LOC,FOIL,stimuli/fractals/164b.jpg,0.210872678223303,0.409750227809423,256.0,LLP,stimuli/fractals/164b.jpg,-0.144843961274976,-0.230547202056907,stimuli/fractals/164b.jpg,stimuli/fractals/164c.jpg,stimuli/fractals/164a.jpg,-0.144843961274976,-0.230547202056907,-0.382659625010782,-0.322522699666004,0.0280379564403811,-0.015291649190605,0.210872678223303,0.409750227809423
REC,121,4000,8,4,LOC,LURE,stimuli/fractals/35a.jpg,-0.383666125452801,-0.0865977069430601,262.0,LLP,stimuli/fractals/35a.jpg,-0.189531390468368,-0.391697278219495,stimuli/fractals/35a.jpg,stimuli/fractals/35c.jpg,stimuli/fractals/35b.jpg,-0.189531390468368,-0.391697278219495,0.0395955423167856,-0.337058070505466,-0.383666125452801,-0.0865977069430601,0.365680742552731,0.271367615855581
REC,122,1000,8,4,LOC,TARGET,stimuli/fractals/9c.jpg,0.229401077805592,0.105474849847718,263.0,LLP,stimuli/fractals/9c.jpg,0.229401077805592,0.105474849847718,stimuli/fractals/9c.jpg,stimuli/fractals/9b.jpg,stimuli/fractals/9a.jpg,0.229401077805592,0.105474849847718,0.382977484167881,-0.153844958672156,0.0445347997400044,-0.265098403435895,-0.150891431501799,-0.382541378012255
REC,123,500,8,4,LOC,LURE,stimuli/fractals/62b.jpg,0.00643638293811322,0.404158109274682,247.0,ERP,stimuli/fractals/62b.jpg,-0.237313818647107,0.28498564955766,stimuli/fractals/62b.jpg,stimuli/fractals/62c.jpg,stimuli/fractals/62a.jpg,-0.237313818647107,0.28498564955766,-0.298462533879227,-0.272905606437517,0.00643638293811322,0.404158109274682,0.331850793488795,0.0268801570274139
REC,124,4000,8,4,LOC,TARGET,stimuli/fractals/100c.jpg,-0.0404655049666387,-0.174146882727251,251.0,ERP,stimuli/fractals/100c.jpg,-0.0404655049666387,-0.174146882727251,stimuli/fractals/100c.jpg,stimuli/fractals/100a.jpg,stimuli/fractals/100b.jpg,-0.0404655049666387,-0.174146882727251,-0.108277310376392,0.318053230230366,0.0568698114428073,0.153483991592559,0.376338263064836,0.216484115569242
REC,125,1000,8,4,LOC,TARGET,stimuli/fractals/89b.jpg,-0.2494255501909,-0.307538628408678,266.0,LLP,stimuli/fractals/89b.jpg,-0.2494255501909,-0.307538628408678,stimuli/fractals/89b.jpg,stimuli/fractals/89c.jpg,stimuli/fractals/89a.jpg,-0.2494255501909,-0.307538628408678,-0.378359739510919,0.221284643832909,-0.325786692251536,0.29141201964079,0.109360813519986,0.393757898361115
REC,126,2000,8,4,LOC,TARGET,stimuli/fractals/34c.jpg,0.193931699241725,-0.0360898927569272,269.0,LLP,stimuli/fractals/34c.jpg,0.193931699241725,-0.0360898927569272,stimuli/fractals/34c.jpg,stimuli/fractals/34b.jpg,stimuli/fractals/34a.jpg,0.193931699241725,-0.0360898927569272,-0.00495277337078181,-0.403838182822925,0.267253573864696,0.338387363514326,-0.382120746349756,0.133190701116877
REC,127,1000,8,4,LOC,TARGET,stimuli/fractals/51b.jpg,0.157454397873968,-0.397081613087269,272.0,LLP,stimuli/fractals/51b.jpg,0.157454397873968,-0.397081613087269,stimuli/fractals/51b.jpg,stimuli/fractals/51a.jpg,stimuli/fractals/51c.jpg,0.157454397873968,-0.397081613087269,0.37227174310587,-0.267354155107631,0.0671745399688145,-0.0103882145523437,-0.383529634890379,0.252516195648549
REC,128,1000,8,4,LOC,TARGET,stimuli/fractals/80c.jpg,-0.17012639047489,-0.309637333278992,274.0,LLP,stimuli/fractals/80c.jpg,-0.17012639047489,-0.309637333278992,stimuli/fractals/80c.jpg,stimuli/fractals/80a.jpg,stimuli/fractals/80b.jpg,-0.17012639047489,-0.309637333278992,-0.315342504374804,0.242503962107655,-0.335402103492712,0.0287318662291899,0.291347750907282,0.359097046109853
REC,129,2000,8,4,LOC,FOIL,stimuli/fractals/7a.jpg,-0.209769452753287,-0.383491896768299,275.0,LLP,stimuli/fractals/7a.jpg,0.0741106454869133,0.305553041857359,stimuli/fractals/7a.jpg,stimuli/fractals/7b.jpg,stimuli/fractals/7c.jpg,0.0741106454869133,0.305553041857359,0.308847369960516,-0.0788693596008017,-0.0454506342694208,-0.225161266922844,-0.209769452753287,-0.383491896768299
REC,130,500,8,4,LOC,LURE,stimuli/fractals/91b.jpg,-0.0105905104552354,-0.25629106204909,279.0,LLP,stimuli/fractals/91b.jpg,0.177301315105358,0.146198697266012,stimuli/fractals/91b.jpg,stimuli/fractals/91c.jpg,stimuli/fractals/91a.jpg,0.177301315105358,0.146198697266012,0.379739957000291,0.363402235823944,-0.0105905104552354,-0.25629106204909,-0.320627464895752,0.187494477925058
REC,131,1000,8,4,LOC,FOIL,stimuli/fractals/107b.jpg,-0.176153238824893,0.328753121835318,280.0,LLP,stimuli/fractals/107b.jpg,0.193331160896784,-0.247057436026364,stimuli/fractals/107b.jpg,stimuli/fractals/107c.jpg,stimuli/fractals/107a.jpg,0.193331160896784,-0.247057436026364,0.382930139843132,0.114745929229668,-0.066924420625588,-0.122863502709489,-0.176153238824893,0.328753121835318
REC,132,1000,8,4,LOC,LURE,stimuli/fractals/155b.jpg,0.137376548053289,-0.327464017548607,285.0,LLP,stimuli/fractals/155b.jpg,0.298888503705001,0.0141245582803356,stimuli/fractals/155b.jpg,stimuli/fractals/155c.jpg,stimuli/fractals/155a.jpg,0.298888503705001,0.0141245582803356,0.367174389691369,-0.35844009003312,0.137376548053289,-0.327464017548607,-0.311894146402106,-0.34453932293867
REC,133,1000,8,4,LOC,TARGET,stimuli/fractals/25a.jpg,-0.0977942766128486,0.0115599571577942,287.0,LLP,stimuli/fractals/25a.jpg,-0.0977942766128486,0.0115599571577942,stimuli/fractals/25a.jpg,stimuli/fractals/25b.jpg,stimuli/fractals/25c.jpg,-0.0977942766128486,0.0115599571577942,-0.383487292177507,0.342068278742607,0.175405115622766,-0.207111769446075,0.364811799435773,0.184257110546149
REC,134,3000,8,4,LOC,TARGET,stimuli/fractals/147a.jpg,0.0758772605360216,0.0758563287907666,252.0,ERP,stimuli/fractals/147a.jpg,0.0758772605360216,0.0758563287907666,stimuli/fractals/147a.jpg,stimuli/fractals/147b.jpg,stimuli/fractals/147c.jpg,0.0758772605360216,0.0758563287907666,0.334985433336805,0.206343603577704,0.297182878787877,0.324756592391931,-0.361997205880974,-0.375852924779901
REC,135,500,8,4,LOC,LURE,stimuli/fractals/41a.jpg,0.109012980059263,-0.409141545630289,267.0,ERP,stimuli/fractals/41a.jpg,0.174538678545306,-0.0446257764963847,stimuli/fractals/41a.jpg,stimuli/fractals/41c.jpg,stimuli/fractals/41b.jpg,0.174538678545306,-0.0446257764963847,0.071807205811631,0.31144349770605,0.109012980059263,-0.409141545630289,-0.35026176293147,-0.0574696831613819
REC,136,1000,8,4,LOC,LURE,stimuli/fractals/74a.jpg,-0.0984177552970535,-0.267900172491576,268.0,ERP,stimuli/fractals/74a.jpg,-0.385170001583871,-0.230911809789736,stimuli/fractals/74a.jpg,stimuli/fractals/74c.jpg,stimuli/fractals/74b.jpg,-0.385170001583871,-0.230911809789736,-0.336250608123847,0.301579730239864,-0.0984177552970535,-0.267900172491576,0.169313174685613,0.142398634534266
REC,137,1000,8,4,LOC,TARGET,stimuli/fractals/131c.jpg,-0.00988711504202661,0.0538973532866434,284.0,ERP,stimuli/fractals/131c.jpg,-0.00988711504202661,0.0538973532866434,stimuli/fractals/131c.jpg,stimuli/fractals/131a.jpg,stimuli/fractals/131b.jpg,-0.00988711504202661,0.0538973532866434,-0.28099630622618,0.360175080627848,-0.260833916119324,0.223046005521525,0.384521612930567,-0.41158954624125
REC,138,8000,8,4,LOC,FOIL,stimuli/fractals/112c.jpg,0.135850196635431,-0.407558636144952,286.0,ERP,stimuli/fractals/112c.jpg,-0.295329841214088,0.271926323904009,stimuli/fractals/112c.jpg,stimuli/fractals/112b.jpg,stimuli/fractals/112a.jpg,-0.295329841214088,0.271926323904009,-0.346356089012092,-0.132733407256134,-0.236025721750865,-0.195700846885343,0.135850196635431,-0.407558636144952
REC,139,3000,8,4,LOC,LURE,stimuli/fractals/52c.jpg,-0.00339162071274591,0.175224177866293,292.0,LLP,stimuli/fractals/52c.jpg,0.195927369539151,0.344906756839916,stimuli/fractals/52c.jpg,stimuli/fractals/52b.jpg,stimuli/fractals/52a.jpg,0.195927369539151,0.344906756839916,0.364117673456688,0.0903506772527066,-0.00339162071274591,0.175224177866293,-0.366317727864355,0.0487661321328665
REC,140,1000,8,4,LOC,FOIL,stimuli/fractals/55c.jpg,-0.372891309446923,-0.313596422888113,294.0,LLP,stimuli/fractals/55c.jpg,0.297992987120643,-0.206257857844519,stimuli/fractals/55c.jpg,stimuli/fractals/55a.jpg,stimuli/fractals/55b.jpg,0.297992987120643,-0.206257857844519,0.0831120633093471,0.24168304059982,0.127070459717976,0.160136609878914,-0.372891309446923,-0.313596422888113
REC,141,1000,8,4,LOC,LURE,stimuli/fractals/153c.jpg,0.199387806720786,0.29459749264366,295.0,LLP,stimuli/fractals/153c.jpg,0.0260276681551243,0.0890737666373575,stimuli/fractals/153c.jpg,stimuli/fractals/153b.jpg,stimuli/fractals/153a.jpg,0.0260276681551243,0.0890737666373575,0.327154296446442,0.103114119169355,0.199387806720786,0.29459749264366,-0.378825651425801,-0.363188996787319
REC,142,6000,8,4,LOC,FOIL,stimuli/fractals/150b.jpg,-0.329340645797781,0.337430842286972,293.0,ERP,stimuli/fractals/150b.jpg,0.259275483893662,0.148135139721165,stimuli/fractals/150b.jpg,stimuli/fractals/150a.jpg,stimuli/fractals/150c.jpg,0.259275483893662,0.148135139721165,0.258814250463907,-0.227339751846037,0.178991127373699,-0.251780506036009,-0.329340645797781,0.337430842286972
REC,143,2000,8,4,LOC,FOIL,stimuli/fractals/111a.jpg,0.33966521423509,0.371529764123533,300.0,LLP,stimuli/fractals/111a.jpg,-0.268911788858385,-0.329578701898939,stimuli/fractals/111a.jpg,stimuli/fractals/111b.jpg,stimuli/fractals/111c.jpg,-0.268911788858385,-0.329578701898939,-0.368041914345262,0.280037183104432,-0.0427888118656827,-0.0098469241509446,0.33966521423509,0.371529764123533
REC,144,1000,8,4,LOC,TARGET,stimuli/fractals/125a.jpg,-0.0107589629719126,0.192375057431804,302.0,LLP,stimuli/fractals/125a.jpg,-0.0107589629719126,0.192375057431804,stimuli/fractals/125a.jpg,stimuli/fractals/125c.jpg,stimuli/fractals/125b.jpg,-0.0107589629719126,0.192375057431804,0.17814730580933,-0.15986003141503,-0.0824266134911905,-0.320605579395811,-0.38993523321751,-0.343853639691154
